donorId,patientId,bloodMatch,organMatch,ageDiff,urgency,cityMatch,consent,label
DNR-20250918-423,PTR-1001,0,1,10,3,1,1,0
DNR-20250918-528,PTR-1001,0,0,10,3,0,1,0
DNR-20250920-175,PTR-1001,0,1,44,3,1,1,0
DNR-20250922-656,PTR-1001,0,1,9,3,1,1,0
DNR-20250926-845,PTR-1001,0,1,9,3,0,1,0
DNR-20250928-439,PTR-1001,0,0,8,3,1,1,0
DNR-20250918-423,PTR-1002,0,0,35,2,0,1,0
DNR-20250918-528,PTR-1002,0,0,35,2,0,1,0
DNR-20250920-175,PTR-1002,1,0,19,2,0,1,0
DNR-20250922-656,PTR-1002,0,1,34,2,0,1,0
DNR-20250926-845,PTR-1002,0,1,34,2,0,1,0
DNR-20250928-439,PTR-1002,1,1,33,2,0,1,0
